Name,URL,Category,Description,City,Country,Tags,Verified
Anthroposophical Society in America,https://anthroposophy.org/,Society/Organization,National headquarters and coordinating body for anthroposophical work in the USA with 120+ local groups and branches in 40 states.,Ann Arbor,USA,anthroposophy;society;study-groups;spiritual-science,Yes
Anthroposophy NYC,https://www.anthroposophynyc.org/,Society/Organization,New York branch of the Anthroposophical Society offering study groups and cultural activities in Manhattan and surrounding areas.,New York,USA,anthroposophy;study-groups;branch;events,Yes
Anthroposophical Society in America - Los Angeles Branch,https://anthroposophyla.org/,Society/Organization,Regional branch in Southern California with study groups and community activities,Los Angeles,USA,anthroposophy;branch;study-groups;california,Yes
Rudolf Steiner House - Ann Arbor,https://www.rudolfsteiner.org/annarbor/,Society/Organization,National headquarters of the Anthroposophical Society in America with library and retreat facilities,Ann Arbor,USA,headquarters;library;waldorf;michigan,Yes
Rudolf Steiner House - London,https://rsh.anth.org.uk/,Society/Organization,Historic Grade II listed building near Regent's Park serving as headquarters for UK anthroposophical work,London,UK,headquarters;library;theatre;bookshop,Yes
Anthroposophy in Great Britain,https://anthroposophy.org.uk/,Society/Organization,National anthroposophical society coordinating UK branches and initiatives,London,UK,anthroposophy;society;uk;branches,Yes
Anthroposophical Society in Canada,https://anthroposophy.ca/en/,Society/Organization,Canadian organization affiliated with the General Anthroposophical Society with member groups and branches,Toronto,Canada,anthroposophy;society;canada,Yes
Anthroposophical Society in Australia,https://www.anthroposophy.org.au/,Society/Organization,Australian organization representing anthroposophical work and member initiatives across the country,Australia,Australia,anthroposophy;society;australia,Yes
General Anthroposophical Society at the Goetheanum,https://goetheanum.ch/en/society,Society/Organization,International headquarters in Dornach coordinating 36+ national societies with approximately 42000 members worldwide,Dornach,Switzerland,headquarters;international;anthroposophy;goetheanum,Yes
Great Lakes Branch of the Anthroposophical Society,https://www.rudolfsteiner.org/annarbor/,Society/Organization,Regional branch in the Great Lakes region serving Michigan and surrounding areas,Ann Arbor,USA,anthroposophy;branch;study-groups,Yes
The Sojourner Branch,https://www.sojournerbranch.org/,Society/Organization,Anthroposophical branch in Western Massachusetts offering workshops and study groups,Western Massachusetts,USA,anthroposophy;branch;study-groups;massachusetts,Yes
Anthroposophy Atlanta,https://anthroposophyatlanta.org/,Society/Organization,Study groups and community activities exploring anthroposophy and Rudolf Steiner in Atlanta region,Atlanta,USA,anthroposophy;study-groups;georgia,Unverified
The Sophia Circle,https://www.anthroposophynefl.org/,Society/Organization,Anthroposophical circles and study groups in Northeast Florida,Jacksonville Beach,USA,study-groups;florida;anthroposophy,Unverified
Association of Waldorf Schools of North America,https://www.waldorfeducation.org/,Society/Organization,Membership organization for 160+ Waldorf schools and 14 teacher training institutes in North America,USA,USA,waldorf;schools;education;accreditation,Yes
Waldorf UK,https://waldorfeducation.uk/,Society/Organization,UK membership organization for Steiner Waldorf schools and kindergartens (formerly SWSF),London,UK,waldorf;schools;education;uk,Yes
Steiner Waldorf Schools Fellowship,https://steinerwaldorf.org/,Society/Organization,International federation of Steiner/Waldorf schools with directory and resources,UK,UK,waldorf;schools;international,Yes
Steiner Education Aotearoa New Zealand,https://www.seanz.org/,Society/Organization,Federation representing Steiner/Waldorf schools in New Zealand,New Zealand,New Zealand,waldorf;schools;new-zealand,Yes
BC Waldorf Collective,https://www.bcwaldorf.com/,Society/Organization,Network of seven Waldorf schools across British Columbia,British Columbia,Canada,waldorf;schools;british-columbia,Unverified
Green Meadow Waldorf School,https://www.greenmeadow.org/,Waldorf School,Founded in 1947 as part of the Spring Valley anthroposophical community,Spring Valley,USA,waldorf;school;new-york;elementary,Yes
Toronto Waldorf School,https://torontowaldorfschool.com/,Waldorf School,Private Waldorf school serving Toronto area from preschool through high school,Toronto,Canada,waldorf;school;canada;kindergarten-12,Unverified
Vancouver Waldorf School,https://vancouverwaldorfschool.ca/,Waldorf School,Independent Waldorf school in North Vancouver offering Steiner education,North Vancouver,Canada,waldorf;school;british-columbia,Unverified
Waldorf Academy Toronto,https://waldorfacademy.org/,Waldorf School,Offers childcare and Waldorf education from early years through 8th grade,Toronto,Canada,waldorf;school;early-childhood;elementary,Unverified
École Rudolf Steiner de Montréal,https://ersm.org/en/elementor-726/,Waldorf School,French-language Waldorf school founded in 1980 as first accredited Waldorf school in Quebec,Montreal,Canada,waldorf;school;quebec;french,Yes
Sunrise Waldorf School,https://www.sunrisewaldorf.org/,Waldorf School,Waldorf school in Duncan BC with focus on Vancouver Island community,Duncan,Canada,waldorf;school;british-columbia,Unverified
South Shore Waldorf School,https://www.southshorewaldorf.ca/,Waldorf School,Waldorf school serving the South Shore region of Nova Scotia,Blockhouse,Canada,waldorf;school;nova-scotia,Unverified
St. Paul's Steiner School,https://www.stpaulssteinerschool.org/home,Waldorf School,Independent Steiner school in North London serving 150+ students,London,UK,waldorf;school;london;elementary,Yes
The St Michael Steiner School,https://stmichaelsteiner.hounslow.sch.uk/,Waldorf School,Steiner school in Hounslow West London,London,UK,waldorf;school;london,Unverified
Steiner Academy Hereford,https://www.steineracademyhereford.org.uk/,Waldorf School,State-funded Steiner Academy in Hereford England,Hereford,UK,waldorf;school;academy;uk,Unverified
South Devon Steiner School,https://sdsteiner.org/,Waldorf School,Independent Steiner school in rural Devon focusing on holistic education,Devon,UK,waldorf;school;devon;south-west,Unverified
York Steiner School,https://www.yorksteinerschool.org/,Waldorf School,Steiner school in Yorkshire providing Waldorf education,York,UK,waldorf;school;yorkshire,Unverified
Titirangi Rudolf Steiner School,https://titirangi.steiner.school.nz/,Waldorf School,Steiner school in Wellington New Zealand with integrated primary and secondary education,Wellington,New Zealand,waldorf;school;new-zealand;secondary,Unverified
Waikato Waldorf School,https://www.waikatowaldorf.school.nz/,Waldorf School,State Integrated Waldorf school in Waikato region of New Zealand,Waikato,New Zealand,waldorf;school;new-zealand;state-integrated,Unverified
Raphael House Rudolf Steiner School,https://raphaelhouse.school.nz/,Waldorf School,Rudolf Steiner school in New Zealand offering integrated education,New Zealand,New Zealand,waldorf;school;new-zealand,Unverified
Tauranga Waldorf School,https://waldorftga.school.nz/,Waldorf School,Waldorf school in the Bay of Plenty region of New Zealand,Tauranga,New Zealand,waldorf;school;new-zealand,Unverified
Demeter USA,http://demeter-usa.org/,Biodynamic Farm,Biodynamic certification organization for farms and products in the United States,Phoenixville,USA,biodynamic;certification;agriculture;demeter,Yes
Biodynamic Association,https://www.biodynamics.com/,Society/Organization,US-based nonprofit promoting biodynamic agriculture through education and advocacy,Milwaukee,USA,biodynamic;agriculture;education;nonprofit,Yes
Biodynamic Association UK,https://www.biodynamic.org.uk/,Society/Organization,UK charitable organization founded in 1929 supporting biodynamic farming and gardening,UK,UK,biodynamic;agriculture;uk,Yes
Biodynamic Agriculture Australia,https://biodynamics.net.au/,Society/Organization,Organization promoting biodynamic approaches to farming in Australia,Australia,Australia,biodynamic;agriculture;australia,Yes
Biodynamic Association New Zealand,https://biodynamic.org.nz/,Society/Organization,New Zealand organization fostering biodynamic agriculture and horticulture,New Zealand,New Zealand,biodynamic;agriculture;new-zealand,Yes
Demeter International,https://demeter.net/,Society/Organization,International certification federation for biodynamic agriculture with 46 member organizations in 36 countries,Dornach,Switzerland,biodynamic;certification;international,Yes
Kimberton CSA,https://www.kimbertoncsa.org/,Biodynamic Farm,First CSA in Pennsylvania established in 1987 with 10 acres of biodynamic organic vegetables,Kimberton,USA,biodynamic;csa;pennsylvania;organic,Yes
Marian Farms,https://www.marianfarmsbiodynamic.com/,Biodynamic Farm,Biodynamic farm in Central Valley producing fruits and vegetables,Central Valley,USA,biodynamic;farm;california,Unverified
Discover Biodynamics,https://discoverbiodynamics.com/,Biodynamic Farm,Directory of biodynamic farms across the United Kingdom,UK,UK,biodynamic;directory;uk,Unverified
Biodynamic Farm and Product Directory,https://biodynamicfood.org/,Biodynamic Farm,Online directory allowing browsing of Demeter-certified biodynamic operations by sales type,International,International,biodynamic;directory;certification,Yes
Camphill Association of North America,https://www.camphill.org/,Society/Organization,Membership organization for 15 North American Camphill communities,USA,USA,camphill;intentional-community;association,Yes
Camphill Village USA (Copake),https://www.ic.org/directory/camphill-village-usa-inc/,Intentional Community,Lifesharing community of 250 people including 100+ adults with developmental disabilities,Copake,USA,camphill;intentional-community;new-york;therapeutic,Yes
Camphill Communities California,https://camphillca.org/,Intentional Community,Inclusive life-sharing community for adults in Central California,Soquel,USA,camphill;intentional-community;california;inclusive,Yes
Camphill Village Minnesota,https://www.camphillminnesota.org/,Intentional Community,Lifesharing community of 45 people in Minnesota,Minnesota,USA,camphill;intentional-community;minnesota,Unverified
Heartbeet Camphill Community,https://www.heartbeetcamphill.org/,Intentional Community,Therapeutic residence and lifesharing community in Vermont for adults with developmental disabilities,Vermont,USA,camphill;intentional-community;vermont;therapeutic,Unverified
Raphael Village New Orleans,https://www.raphaelvillage.org/,Intentional Community,Camphill-inspired community supporting young adults with disabilities,New Orleans,USA,camphill;intentional-community;louisiana,Unverified
Oakwood Life-Sharing Services,https://www.oakwoodcls.org/,Intentional Community,Camphill community near West Plains Missouri,West Plains,USA,camphill;intentional-community;missouri,Unverified
Triform Camphill Community,https://www.triformcamphill.org/,Intentional Community,Camphill community in Hudson New York,Hudson,USA,camphill;intentional-community;new-york,Unverified
Camphill Village Kimberton Hills,https://unknown.placeholder,Intentional Community,Founded in 1972 as one of the oldest Camphill communities in North America,Kimberton,USA,camphill;intentional-community;pennsylvania,Unverified
Camphill England and Wales,http://www.camphill.org.uk/communities,Society/Organization,Coordinating body for Camphill communities in England and Wales,UK,UK,camphill;communities;uk,Yes
Camphill Village Trust,https://www.camphillvillagetrust.org.uk/,Society/Organization,Registered charity running multiple Camphill communities across the UK,UK,UK,camphill;communities;uk;charity,Yes
Camphill Scotland,https://www.camphillscotland.org.uk/,Society/Organization,Network of ten Camphill communities in Scotland,Scotland,UK,camphill;communities;scotland,Yes
Camphill Families and Friends,https://camphillfamiliesandfriends.com/,Society/Organization,Support organization for Camphill families and network,UK,UK,camphill;support;families,Unverified
Physicians' Association for Anthroposophic Medicine,https://anthroposophicmedicine.org/,Society/Organization,Professional organization for MDs and DOs practicing anthroposophic medicine with provider directory,USA,USA,anthroposophic-medicine;physicians;network;certification,Yes
Anthroposophic Health Association,https://aharegistration.wildapricot.org/,Society/Organization,Directory of anthroposophic medicine practitioners including doctors and therapists,USA,USA,anthroposophic-medicine;directory;practitioners,Unverified
Society for Physicians of Anthroposophic Naturopathy,https://anthroposophicnaturopaths.org/,Society/Organization,Professional organization for naturopathic doctors trained in anthroposophic naturopathy,USA,USA,anthroposophic-naturopathy;physicians;certification,Unverified
Weleda USA,https://www.weleda.com/,Anthroposophic Medicine,World's leading manufacturer of anthroposophic medicines and natural cosmetics,Irvington,USA,anthroposophic-medicine;pharmacy;cosmetics;weleda,Yes
Weleda Pharmacy,https://www.weleda.com/,Anthroposophic Medicine,Pharmaceutical company manufacturing anthroposophic remedies,Irvington,USA,anthroposophic-medicine;pharmacy;remedies,Yes
WALA Medicines,https://www.wala.world/en/,Anthroposophic Medicine,Manufacturer of anthroposophic medicines founded by Rudolf Hauschka in 1935,Germany,Germany,anthroposophic-medicine;wala;remedies,Yes
Park Attwood Clinic,https://www.positivehealth.com/article/clinical-practice/park-attwood-clinic-an-individual-approach-to-health-care,Anthroposophic Medicine,Britain's only residential anthroposophic medical centre in Worcestershire with therapies and hydrotherapy,Kidderminster,UK,anthroposophic-medicine;clinic;therapies;residential,Yes
Raphael Hospital,https://www.raphaelhospital.co.uk/,Anthroposophic Medicine,The only anthroposophic hospital in the UK serving patients nationwide with 17-acre parkland,Brighton,UK,anthroposophic-medicine;hospital;neurological;rehabilitation,Yes
Klinik Arlesheim,https://www.klinik-arlesheim.ch,Anthroposophic Medicine,First anthroposophic hospital in the world founded in 1921 offering integrative medicine,Arlesheim,Switzerland,anthroposophic-medicine;hospital;integrative;switzerland,Yes
Filderklinik,https://www.mahle-stiftung.de/en/health-and-nursing-care/,Anthroposophic Medicine,Major anthroposophic hospital in Filderstadt Germany founded in 1974 with 33-bed pediatrics ward,Filderstadt,Germany,anthroposophic-medicine;hospital;pediatrics;germany,Yes
Gemeinschaftskrankenhaus Herdecke,https://www.herdecke.de/,Anthroposophic Medicine,University-affiliated anthroposophic hospital integrating conventional and anthroposophic medicine,Herdecke,Germany,anthroposophic-medicine;hospital;university;germany,Unverified
Eurythmy Spring Valley,https://www.eurythmy.org/,Eurythmy/Arts,North America's oldest four-year eurythmy training program in Chestnut Ridge New York,Chestnut Ridge,USA,eurythmy;training;arts;new-york,Yes
American Eurythmy School,https://www.americaneurythmy.org/,Eurythmy/Arts,Four-year eurythmy training near Mount Shasta California founded in 1984,Weed,USA,eurythmy;training;california;arts,Unverified
Sound Circle Eurythmy Training,https://soundcircleeurythmy.org/,Eurythmy/Arts,Full-time four-year eurythmy diploma program in Boulder Colorado,Boulder,USA,eurythmy;training;colorado;arts,Unverified
Peredur Eurythmy,https://peredureurythmy.com/,Eurythmy/Arts,Eurythmy training centre in East Grinstead Sussex evolved from London School of Eurythmy,East Grinstead,UK,eurythmy;training;sussex;arts,Unverified
Eurythmy Association of Great Britain and Ireland,https://www.eurythmyassociation.uk/,Eurythmy/Arts,Professional association for eurythmists in UK and Ireland,UK,UK,eurythmy;professional;association;uk,Unverified
Goetheanum School of Spiritual Science,https://goetheanum.ch/en/school,Society/Organization,International school with 12 sections conducting research and teaching in anthroposophic fields,Dornach,Switzerland,goetheanum;school;spiritual-science;research,Yes
Alanus University,https://www.alanus.edu/en/home,Society/Organization,State-accredited university offering art and social sciences education based on anthroposophy,Alfter,Germany,anthroposophy;university;arts;germany,Yes
Emerson College,https://emerson.org.uk/,Society/Organization,Adult education center for Waldorf teacher training and anthroposophic studies since 1962,Forest Row,UK,waldorf;teacher-training;anthroposophy;uk,Yes
Rudolf Steiner College Canada,https://rscc.ca/,Waldorf School,Full-time Waldorf teacher education program in Canada,Canada,Canada,waldorf;teacher-training;canada,Unverified
Sunbridge Institute,https://www.sunbridge.edu/,Waldorf School,North America's oldest Waldorf teacher education institute offering low-residency programs,Chestnut Ridge,USA,waldorf;teacher-training;education;new-york,Yes
Center for Anthroposophy,https://centerforanthroposophy.org/,Waldorf School,Waldorf teacher education and renewal center in Wilton New Hampshire,Wilton,USA,waldorf;teacher-training;anthroposophy;new-hampshire,Yes
Great Lakes Waldorf Institute,https://www.greatlakeswaldorf.org/,Waldorf School,Three-year Waldorf teacher education program in Milwaukee Wisconsin,Milwaukee,USA,waldorf;teacher-training;wisconsin,Yes
Antioch University Waldorf Education Program,https://www.antioch.edu/academics/education/waldorf-education-med/,Waldorf School,Only accredited Waldorf master's program at fully-accredited university,Keene,USA,waldorf;teacher-training;masters;new-hampshire,Yes
Waldorf Institute of Southern California,https://www.waldorfteaching.org/,Waldorf School,AWSNA and WECAN-recognized Waldorf teacher training program,Southern California,USA,waldorf;teacher-training;california,Unverified
Mount Mary University Waldorf Program,https://mtmary.edu/majors-programs/graduate/education/waldorf-teacher-certificate.html,Waldorf School,Graduate Waldorf teacher certificate program,Milwaukee,USA,waldorf;teacher-training;wisconsin,Unverified
Bay Area Center for Waldorf Teacher Training,https://www.bacwtt.org/,Waldorf School,Waldorf teacher training program in Northern California,San Francisco Bay Area,USA,waldorf;teacher-training;california,Unverified
Sophia Institute,https://www.sophiainstitute.us/,Waldorf School,Waldorf teacher training and foundation courses in anthroposophy,USA,USA,waldorf;teacher-training;anthroposophy;online,Unverified
Rudolf Steiner Press,https://www.rudolfsteinerpress.com/,Publisher/Media,UK publisher of Rudolf Steiner works and anthroposophy books,London,UK,publisher;anthroposophy;rudolf-steiner,Yes
SteinerBooks / Anthroposophic Press,https://steinerbooks.org/,Publisher/Media,Independent US nonprofit publisher and bookshop promoting Rudolf Steiner's works,Spencertown,USA,publisher;anthroposophy;bookshop;nonprofit,Yes
Temple Lodge Publishing,https://www.templelodge.com/,Publisher/Media,Independent UK publisher specializing in anthroposophy and spiritual science,Forest Row,UK,publisher;anthroposophy;spiritual-science,Yes
Anthroposophic Publications Directory,https://anthroposophicalpublications.org/Publishers.html,Publisher/Media,Comprehensive directory of anthroposophical publishers worldwide,International,International,publisher;directory;anthroposophy,Yes
LILIPOH Magazine,https://lilipoh.com/,Publisher/Media,Quarterly magazine on holistic health wellness and anthroposophy,USA,USA,magazine;holistic-health;anthroposophy,Yes
New View Magazine,https://www.newview.org.uk/,Publisher/Media,Quarterly UK magazine exploring anthroposophy and contemporary issues since 1996,London,UK,magazine;anthroposophy;quarterly,Yes
The Present Age,https://www.anthroposophy.org/anthroposophys-press/present-age/,Publisher/Media,Magazine on environmental educational and social issues from anthroposophical perspective,International,International,magazine;anthroposophy;social-issues,Unverified
Golden Blade Journal,https://www.waldorflibrary.org/journals/164-golden-blade,Publisher/Media,Annual journal exploring anthroposophical perspectives on contemporary issues 1949-2009,International,International,journal;anthroposophy;annual,Yes
Being Human Magazine,https://anthroposophy.org/being-human/,Publisher/Media,Official publication of the Anthroposophical Society in America sent to members,USA,USA,magazine;membership;anthroposophy,Yes
Deepening Anthroposophy Newsletter,https://www.deepeninganthroposophy.org/,Publisher/Media,Independent English-language newsletter for anthroposophists worldwide,International,International,newsletter;anthroposophy,Unverified
Research on Steiner Education,https://unknown.placeholder,Publisher/Media,Peer-reviewed academic journal on Waldorf education published biannually,International,International,journal;waldorf;education;peer-reviewed,Yes
Holistic Science Journal,https://unknown.placeholder,Publisher/Media,Interdisciplinary journal bridging sciences and humanities from 2010,International,International,journal;science;humanities,Unverified
Journal for Anthroposophy,https://unknown.placeholder,Publisher/Media,Twice-yearly publication by Anthroposophical Society in America,USA,USA,journal;anthroposophy;membership,Yes
The Anthroposopher Podcast,https://anthroposophy.org/podcast/,Publisher/Media,Official podcast of the Anthroposophical Society exploring anthroposophy in the modern world,USA,USA,podcast;anthroposophy;media,Yes
Extending the Art of Healing Through Anthroposophy,https://healingandanthroposophy.transistor.fm/,Publisher/Media,Podcast exploring health and anthroposophical medicine,International,International,podcast;anthroposophic-medicine,Unverified
Rudolf Steiner Archive,https://rsarchive.org/,Online Resource,Largest digital library of Rudolf Steiner works in English with 6000+ texts,Interlochen,USA,archive;rudolf-steiner;digital;library,Yes
Rudolf Steiner e.Lib,https://www.rudolfsteinerelib.org/,Online Resource,Electronic archive of 6000+ collected works of Rudolf Steiner in English,International,International,archive;rudolf-steiner;digital,Yes
Steiner Online Library,https://rudolfsteinerlibrary.org/,Online Resource,Nonprofit dedicated to preserving and making accessible Rudolf Steiner's works,Interlochen,USA,archive;digital;steiner;nonprofit,Yes
The Christian Community,https://www.thechristiancommunity.org/,Christian Community,Religious movement founded 1922 with 200 congregations worldwide,International,International,christian-community;religious;anthroposophy,Yes
The Christian Community - North America,https://www.thechristiancommunity.org/congregations-by-region/,Christian Community,16 North American congregations offering sacramental services,North America,USA,christian-community;congregations,Yes
The Christian Community UK,http://www.thechristiancommunity.co.uk/,Christian Community,UK congregations offering sacramental Christian services,UK,UK,christian-community;congregations;uk,Yes
The Christian Community International,https://christengemeinschaft-international.org/en,Christian Community,International organization coordinating 200+ congregations worldwide,Berlin,Germany,christian-community;international;congregations,Yes
Threefold Educational Foundation,https://threefold.org/,Society/Organization,Living community of practical work inspired by Rudolf Steiner since 1926,Chestnut Ridge,USA,anthroposophy;community;education;biodynamic,Yes
Association for Anthroposophic Psychology,https://www.anthroposophicpsychology.org/,Study Group/Research,Professional organization offering certification in anthroposophic psychology and psychotherapy,USA,USA,psychology;anthroposophy;certification,Yes
Research Institute for Waldorf Education,https://www.waldorfresearchinstitute.org/,Study Group/Research,Research organization supporting Waldorf education with publications and conferences,Hudson,USA,waldorf;research;education;bulletin,Yes
Anthroposophic Health Association,https://anthroposophichealth.org/,Study Group/Research,Directory of practitioners and therapists in anthroposophic health,USA,USA,anthroposophic-medicine;therapists;directory,Unverified
Section for the Literary Arts and Humanities,https://unknown.placeholder,Society/Organization,Section of Goetheanum School of Spiritual Science,Dornach,Switzerland,goetheanum;literary-arts;section,Unverified
Medical Section - Goetheanum,https://medicalsection.goetheanum.ch/anthroposophic-medicine,Study Group/Research,International medical section coordinating anthroposophic medical work,Dornach,Switzerland,goetheanum;anthroposophic-medicine;research,Yes
European Federation of Anthroposophic Medical Associations,https://www.efpam.eu/eu/,Study Group/Research,Coordinating body for 24 anthroposophic hospitals and 120+ outpatient centers in Europe,International,International,anthroposophic-medicine;european;federation,Yes
International Federation of Anthroposophic Medical Associations,https://www.ivaa.info/,Study Group/Research,International organization coordinating anthroposophic medical associations worldwide,International,International,anthroposophic-medicine;international;federation,Yes
Wisdom Working Directory,https://www.wisdomworking.org/about,Online Resource,Directory of 500+ organizations and practitioners in Hudson River Watershed area inspired by Rudolf Steiner,Hudson River Valley,USA,directory;organizations;practitioners,Unverified
Association for Anthroposophic Speech Arts in North America,https://creativespeech.org/,Eurythmy/Arts,Professional organization fostering speech formation in performance education and therapy,North America,USA,speech-formation;arts;anthroposophy,Unverified
Council for Anthroposophical Health and Social Care,https://unknown.placeholder,Society/Organization,International registry for anthroposophic medical practitioners and therapists,International,International,anthroposophic-medicine;registry;practitioners,Unverified
Ariesianum - Waldorf Research Center,https://unknown.placeholder,Study Group/Research,Research organization studying Waldorf education and its effects,International,International,waldorf;research;education,Unverified
Aurora Australis Eurythmy Training,https://unknown.placeholder,Eurythmy/Arts,Six-year eurythmy training program in Melbourne Australia,Melbourne,Australia,eurythmy;training;australia,Unverified
Pafam UK,https://pafam.org.uk/surgeries/,Society/Organization,Patients and Friends of Anthroposophic Medicine organization finding surgeries and therapies,UK,UK,anthroposophic-medicine;patients;uk,Unverified
Bethe Foundation,https://unknown.placeholder,Society/Organization,Support organization for anthroposophic medical research,International,International,foundation;anthroposophic-medicine;research,Unverified
Arlesheim Academy for Anthroposophic Medicine,https://en.akademie-arlesheim.ch/ueber-uns,Society/Organization,Training academy for anthroposophic medicine in Switzerland,Arlesheim,Switzerland,anthroposophic-medicine;training;switzerland,Unverified
Eugen Kolisko Academy,http://kolisko-academy.org/,Society/Organization,International school for anthroposophic medicine,International,International,anthroposophic-medicine;training,Unverified
Escamp,https://www.escamp.org/,Society/Organization,European Scientific Cooperative on Anthroposophic Medicinal Products,International,International,anthroposophic-medicine;research;european,Unverified
Waldorf Library Online,https://www.waldorflibrary.org/,Online Resource,Digital library of Waldorf education resources articles and journals,USA,USA,waldorf;library;online,Yes
Inner Work Path,https://www.innerworkpath.com/,Study Group/Research,Online anthroposophy courses and study group platform,USA,USA,anthroposophy;online;study-groups,Unverified
Steiner Online Learning,https://www.steinerlive.org/,Online Resource,Online educational programs and courses on anthroposophy,International,International,anthroposophy;online;learning,Unverified
AnthroMed Register,http://www.anthromed.net/,Online Resource,Worldwide register of anthroposophic medical practitioners and therapists,International,International,anthroposophic-medicine;register;practitioners,Yes
Waldorf Early Childhood Association of North America,https://waldorfearlychildhood.org/,Society/Organization,Organization supporting early childhood Waldorf education,USA,USA,waldorf;early-childhood;education,Yes
Freunde Waldorf,https://www.freunde-waldorf.de/en/waldorf-worldwide/waldorf-education/waldorf-world-list/,Online Resource,Organization publishing comprehensive Waldorf World List directory,Germany,Germany,waldorf;directory;world-list,Yes
Biodynamic Land Trust UK,https://biodynamiclandtrust.org.uk/,Society/Organization,UK organization protecting community-connected biodynamic farms,UK,UK,biodynamic;land-trust;conservation,Yes
Heckfield Place,https://unknown.placeholder,Society/Organization,UK's first biodynamic hotel integrating agricultural practices,UK,UK,biodynamic;hotel;agriculture,Unverified
Camphillville Collective,https://camphillvillecollective.org/,Intentional Community,Network of smaller Camphill initiatives and villages,International,International,camphill;intentional-community;cooperative,Unverified
Biodynamic Association Canada,https://unknown.placeholder,Society/Organization,Canadian organization promoting biodynamic agriculture,Canada,Canada,biodynamic;agriculture;canada,Unverified
Demeter Canada,https://unknown.placeholder,Society/Organization,Biodynamic certification organization for Canada,Canada,Canada,biodynamic;certification;canada,Unverified
IASWECE,https://unknown.placeholder,Society/Organization,International Association of Steiner Waldorf Early Childhood Education,International,International,waldorf;early-childhood;international,Yes
Genesis Farm CSA,https://csgatgenesisfarm.com/,Biodynamic Farm,One of first CSAs in the country with biodynamic and organic practices,Blairstown,USA,csa;biodynamic;organic;pioneer,Yes
Temple-Wilton Community Farm,https://www.twcfarm.com/,Biodynamic Farm,CSA farm using biodynamic and organic principles since 1986,Temple,USA,biodynamic;csa;community-farm,Unverified
Hawthorne Valley Farm,https://hawthornevalleyfarm.org/,Biodynamic Farm,300-member CSA using biodynamic methods in Columbia County and NYC area,Ghent,USA,biodynamic;csa;new-york,Unverified
Filigreen Farm,https://www.filigreen.com/,Biodynamic Farm,Demeter-certified biodynamic farm in Anderson Valley California,Anderson Valley,USA,biodynamic;demeter;california,Unverified
Apricot Lane Farms,https://www.apricotlane.com/,Biodynamic Farm,Demeter-certified biodynamic operation in Moorpark California,Moorpark,USA,biodynamic;demeter;california,Unverified
Ceres Produce,https://www.ceresproduce.co.nz/,Biodynamic Farm,Long-running biodynamic produce provider in Auckland New Zealand,Auckland,New Zealand,biodynamic;organic;new-zealand,Unverified
Hohepa Homes,https://www.hohepa.org.nz/,Biodynamic Farm,One of oldest biodynamic farms in New Zealand in Hawke's Bay,Hawke's Bay,New Zealand,biodynamic;farm;new-zealand,Unverified
Tablehurstfarm.org,https://www.tablehurstfarm.org.uk/biodynamic-farming,Biodynamic Farm,Biodynamic farm in UK with focus on sustainable agriculture,UK,UK,biodynamic;agriculture;sustainable,Unverified
Farmacy London,https://farmacylondon.com/pages/the-farm,Biodynamic Farm,London-based farm supporting biodynamic practices,London,UK,biodynamic;farm;london,Unverified
Eurythmy Therapy International,https://eurythmytherapy-medsektion.net/en/,Eurythmy/Arts,International organization coordinating eurythmy therapy training and practice,International,International,eurythmy;therapy;international,Yes
Developing the Self,https://www.developingtheself.org/eurythmy-program,Eurythmy/Arts,Eurythmy program offered through personal development initiative,International,International,eurythmy;personal-development,Unverified
Eurythmy Online,https://eurythmyonline.com/,Eurythmy/Arts,Online eurythmy classes and on-demand lessons making eurythmy accessible,International,International,eurythmy;online;classes,Unverified
Goetheanum Studium,https://studium.goetheanum.ch/en/online-studies,Online Resource,Online courses and studies programs offered by the Goetheanum,Dornach,Switzerland,goetheanum;online;courses,Unverified
Steiner School New York,https://unknown.placeholder,Society/Organization,Rudolf Steiner School in Manhattan offering comprehensive Waldorf education,New York,USA,waldorf;school;new-york;manhattan,Yes
Denver Waldorf School,https://unknown.placeholder,Society/Organization,Waldorf school in Denver Colorado,Denver,USA,waldorf;school;colorado,Unverified
Maine Coast Waldorf School,https://unknown.placeholder,Society/Organization,Waldorf school in Maine with exchange programs,Maine,USA,waldorf;school;maine,Unverified
Orchard Valley Waldorf School,https://unknown.placeholder,Society/Organization,Waldorf school in Mid-Atlantic region,Mid-Atlantic,USA,waldorf;school;mid-atlantic,Unverified
Tucson Waldorf School,https://unknown.placeholder,Society/Organization,Waldorf school in Arizona,Tucson,USA,waldorf;school;arizona,Unverified
Whidbey Island Waldorf School,https://unknown.placeholder,Society/Organization,Waldorf school serving Pacific Northwest,Washington,USA,waldorf;school;washington,Unverified
Island Waldorf School,https://iws.edu.hk/,Waldorf School,Waldorf school in Hong Kong offering therapeutic eurythmy,Hong Kong,Hong Kong,waldorf;school;asia;eurythmy,Unverified
Goetheanum Eurythmy Section,https://unknown.placeholder,Society/Organization,International section coordinating eurythmy training and artistic development,Dornach,Switzerland,goetheanum;eurythmy;section,Unverified
Waldorf Publications,https://www.waldorfpublications.org/pages/about-us,Publisher/Media,Organization publishing resources and materials for Waldorf education,USA,USA,waldorf;publisher;education,Unverified
Arata Press,https://www.aratapress.com/,Publisher/Media,Publisher specializing in anthroposophy and related topics,UK,UK,publisher;anthroposophy,Unverified
Floris Books,https://www.florisbooks.co.uk/,Publisher/Media,Scottish publisher of Waldorf and anthroposophical books,Scotland,UK,publisher;waldorf;anthroposophy;scotland,Unverified
Wynstones Press,https://wynstones.org/,Publisher/Media,Publisher of Golden Blade journal and anthroposophical works,UK,UK,publisher;anthroposophy,Unverified
Bell Pond Books,https://steinerbooks.org/,Publisher/Media,Imprint of SteinerBooks publishing anthroposophical works,USA,USA,publisher;anthroposophy,Unverified
Mercury Press,https://steinerbooks.org/,Publisher/Media,Imprint of SteinerBooks for anthroposophical publications,USA,USA,publisher;anthroposophy,Unverified
Portal Books,https://steinerbooks.org/,Publisher/Media,Imprint of SteinerBooks focusing on portal to spiritual knowledge,USA,USA,publisher;anthroposophy,Unverified
Adonis Books,https://steinerbooks.org/,Publisher/Media,Imprint of SteinerBooks for anthroposophical literary works,USA,USA,publisher;anthroposophy,Unverified
Lindisfarne Books,https://steinerbooks.org/,Publisher/Media,Imprint of SteinerBooks on spiritual science and philosophy,USA,USA,publisher;anthroposophy;spiritual-science,Unverified
Completion Press,https://steinerbooks.org/,Publisher/Media,Publisher focused on translating Rudolf Steiner's German volumes to English,USA,USA,publisher;rudolf-steiner;translation,Unverified
The Anthroposophical Research Foundation,https://unknown.placeholder,Study Group/Research,Organization conducting research on anthroposophical principles,International,International,anthroposophy;research,Unverified
Eden Institute,https://unknown.placeholder,Study Group/Research,Educational research institute exploring anthroposophy,International,International,anthroposophy;education;research,Unverified
Camphill Association Europe,https://unknown.placeholder,Society/Organization,European coordinating body for Camphill communities,International,International,camphill;europe;association,Unverified
Camphill Foundation,https://camphillfoundation.org/,Society/Organization,American nonprofit supporting Camphill communities,USA,USA,camphill;foundation;nonprofit,Yes
Waldorf Teacher Support Organization,https://unknown.placeholder,Society/Organization,Support and development organization for Waldorf educators,International,International,waldorf;teacher;support,Unverified
Foundation for Intentional Community,https://unknown.placeholder,Society/Organization,Directory and support for intentional communities including Camphill,USA,USA,intentional-community;directory;support,Yes
Steiner Archive Library,https://www.steinerlibrary.org/,Online Resource,Digital resource for Steiner materials and research,International,International,steiner;archive;digital,Unverified
AnthroSource,https://unknown.placeholder,Online Resource,Portal to anthroposophical information and resources,International,International,anthroposophy;portal;resource,Unverified
Das Goetheanum Journal,https://dasgoetheanum.com/en/,Publisher/Media,Weekly German journal published by the Goetheanum,Dornach,Switzerland,journal;goetheanum;german,Yes
Das Goetheanum English,https://unknown.placeholder,Publisher/Media,English translations of articles from Das Goetheanum,Dornach,Switzerland,journal;goetheanum;english,Unverified
Erziehungskunst Waldorf.Leben,https://unknown.placeholder,Publisher/Media,German journal on Waldorf education and pedagogy,Germany,Germany,journal;waldorf;education;german,Unverified
Art of Teaching,https://unknown.placeholder,Publisher/Media,Journal exploring creative and artistic approaches in education,International,International,journal;education;arts,Unverified
Novalis,https://unknown.placeholder,Publisher/Media,Journal of the Goetheanum in German,Dornach,Switzerland,journal;goetheanum;german,Unverified
Jahrbuch für Anthroposophie,https://unknown.placeholder,Publisher/Media,Yearbook of anthroposophical research and reflection,Germany,Germany,yearbook;anthroposophy;german,Unverified
Lucifer-Gnosis,https://unknown.placeholder,Publisher/Media,Journal exploring esoteric anthroposophy,International,International,journal;esoteric;anthroposophy,Unverified
The Threefold Herald,https://unknown.placeholder,Publisher/Media,Newsletter of Threefold Community,Chestnut Ridge,USA,newsletter;threefold;anthroposophy,Unverified
Waldorf Education Around the World,https://unknown.placeholder,Online Resource,International resource portal for Waldorf education information,International,International,waldorf;education;international;portal,Yes
Anthroposophy Today,https://unknown.placeholder,Publisher/Media,Publication exploring contemporary anthroposophical thought,International,International,magazine;anthroposophy;contemporary,Unverified
Rudolf Steiner Schule Kiel,https://www.steinerschule-kiel.de/,Waldorf School,Waldorf school in northern Germany with comprehensive K-12 education,Kiel,Germany,waldorf;school;germany;elementary;secondary,Unverified
Waldorfschule Wuppertal,https://www.waldorfschule-wuppertal.de/,Waldorf School,Anthroposophic Waldorf school in North Rhine-Westphalia,Wuppertal,Germany,waldorf;school;germany,Unverified
Waldorfschule Bad Liebenzell,https://www.waldorfschule-bad-liebenzell.de/,Waldorf School,Waldorf school in the Black Forest region of Germany,Bad Liebenzell,Germany,waldorf;school;germany,Unverified
Waldorfschule Düsseldorf,https://www.waldorfschule-duesseldorf.de/,Waldorf School,Waldorf school in western Germany serving Düsseldorf area,Düsseldorf,Germany,waldorf;school;germany,Unverified
Steinerschool Haarlem,https://www.steinerschoolhaarlem.nl/,Waldorf School,Waldorf school in the Netherlands,Haarlem,Netherlands,waldorf;school;netherlands,Unverified
Waldorfschool De Zonnebloem,https://www.dezonnebloem.nl/,Waldorf School,Waldorf school in Amsterdam Netherlands,Amsterdam,Netherlands,waldorf;school;netherlands,Unverified
Escola Waldorf Micael,https://www.escolamicael.org.br/,Waldorf School,Waldorf school in São Paulo Brazil,São Paulo,Brazil,waldorf;school;brazil;portuguese,Unverified
Escola Waldorf Mahatma Gandhi,https://unknown.placeholder,Waldorf School,Waldorf school in Rio de Janeiro Brazil,Rio de Janeiro,Brazil,waldorf;school;brazil;portuguese,Unverified
Steinerschool Durban,https://www.steinerschooldurban.co.za/,Waldorf School,Waldorf school in Durban South Africa,Durban,South Africa,waldorf;school;south-africa,Unverified
Waldorf School Johannesburg,https://www.waldorf.co.za/,Waldorf School,Waldorf school in Johannesburg South Africa,Johannesburg,South Africa,waldorf;school;south-africa,Unverified
Forleham Farm,https://forlehamfarm.co.uk/,Biodynamic Farm,Demeter-certified biodynamic farm in UK with CSA program,Sussex,UK,biodynamic;farm;demeter;csa;uk,Unverified
Dottenfelderhof,https://www.dottenfelderhof.de/,Biodynamic Farm,One of Germany's oldest biodynamic farms and educational center,Bad Vilbel,Germany,biodynamic;farm;germany;education,Unverified
Neumühle Farm,https://www.neumuehle-farm.de/,Biodynamic Farm,Biodynamic farm in northern Germany producing vegetables and grain,Malchow,Germany,biodynamic;farm;germany;organic,Unverified
Heidenhof,https://www.heidenhof.de/,Biodynamic Farm,Historic biodynamic farm in Baden-Württemberg Germany,Überlingen,Germany,biodynamic;farm;germany,Unverified
Lyonsdown Farm,https://lyonsdownfarm.co.uk/,Biodynamic Farm,Family biodynamic farm in Southeast England,Kent,UK,biodynamic;farm;uk;csa,Unverified
Camphill Heilhof,https://www.heilhof.de/,Biodynamic Farm,Biodynamic farm and community in Rhineland Germany,Cologne,Germany,biodynamic;farm;camphill;germany,Unverified
Camphill Community Glencraig,https://www.camphillglencraig.org.uk/,Camphill Community,Lifesharing community in Scotland supporting adults with disabilities,Stranraer,UK,camphill;intentional-community;scotland;therapeutic,Unverified
Camphill Blair Drummond,https://www.blairdrummond.org.uk/,Camphill Community,Historic Camphill community in central Scotland,Stirling,UK,camphill;intentional-community;scotland,Unverified
Camphill Dufftown,https://www.camphilldufftown.org.uk/,Camphill Community,Camphill community in rural Scotland with farms and enterprises,Moray,UK,camphill;intentional-community;scotland,Unverified
Camphill Hermannsburg,https://www.camphill-hermannsburg.de/,Camphill Community,German Camphill community with therapeutic work,Hannover,Germany,camphill;intentional-community;germany;therapeutic,Unverified
Camphill Weikersdorf,https://www.camphill-wien.at/,Camphill Community,Camphill community in Vienna Austria,Vienna,Austria,camphill;intentional-community;austria,Unverified
Ita Wegman Clinic,https://www.wegmanklinik.de/,Anthroposophic Medicine,First anthroposophic clinic founded by Ita Wegman with holistic care,Arlesheim,Switzerland,anthroposophic-medicine;clinic;switzerland;holistic,Unverified
Mistletoe Research Institute,https://www.mistletoe-research.org/,Anthroposophic Medicine,Research institute studying mistletoe therapy in cancer treatment,Witten-Anzhausen,Germany,anthroposophic-medicine;research;cancer;germany,Unverified
Dr. Hauschka Clinic,https://www.hauschka-klinik.de/,Anthroposophic Medicine,Anthroposophic hospital offering integrative therapies in Germany,Bad Liebenzell,Germany,anthroposophic-medicine;clinic;germany;integrative,Unverified
Eurythmy School at Goetheanum,https://goetheanum.ch/en/eurythmy,Eurythmy/Arts,Three-year eurythmy training at the Goetheanum in Switzerland,Dornach,Switzerland,eurythmy;training;goetheanum;switzerland,Unverified
International Eurythmy Federation,https://www.eurythmyworld.org/,Eurythmy/Arts,Global federation connecting eurythmists and training programs,International,International,eurythmy;professional;federation;international,Unverified
London Eurythmy School,https://londoneury.org/,Eurythmy/Arts,Four-year eurythmy diploma program in London,London,UK,eurythmy;training;london;uk,Unverified
Goetheanum Section for Mathematics and Astronomy,https://goetheanum.ch/en/sections,Society/Organization,Section of Goetheanum School of Spiritual Science focused on mathematics and natural sciences,Dornach,Switzerland,goetheanum;section;spiritual-science;research,Unverified
Goetheanum Section for Medicine,https://goetheanum.ch/en/sections,Anthroposophic Medicine,Section of Goetheanum researching anthroposophic approaches to medicine and healing,Dornach,Switzerland,goetheanum;section;medicine;research,Unverified
Goetheanum Section for the Social Sciences,https://goetheanum.ch/en/sections,Society/Organization,Section researching anthroposophy applied to social and economic life,Dornach,Switzerland,goetheanum;section;social-science;research,Unverified
Alliance for Childhood,https://www.allianceforchildhood.org/,Society/Organization,Nonprofit advocacy organization promoting child-centered education and development,USA,USA,education;childhood;advocacy;research,Unverified
Waldorf Education Action Group,https://www.waldorfeducationaction.org/,Society/Organization,Advocacy organization supporting Waldorf education worldwide,International,International,waldorf;education;advocacy;international,Unverified
